M,m1,m2,f_evals_m,f_evals_std,n_failures,runs,seconds_m,seconds_std
5,0.01,0.7,6098.0,2453.986552530392,0,3,31.532286811000176,0.0
10,0.01,0.7,6532.333333333333,2486.261495141294,0,3,28.64128216600011,0.0
20,0.01,0.7,7120.333333333333,3019.14450723306,0,3,45.275101457000346,0.0
30,0.01,0.7,5283.666666666667,2082.897394389737,0,3,35.06846731099995,0.0
50,0.01,0.7,3566.0,1447.3444648735144,0,3,23.4872687080001,0.0
100,0.01,0.7,2315.3333333333335,977.834455428025,0,3,14.984264720000283,0.0
200,0.01,0.7,2874.0,1036.4577495810752,0,3,14.214828771000157,0.0
