M,m1,m2,f_evals_m,f_evals_std,n_failures,runs,seconds_m,seconds_std
5,0.01,0.7,8048.333333333333,3176.262093859524,0,3,46.259684906,2.3638484295484825
10,0.01,0.7,7011.666666666667,2943.4845940747773,0,3,40.62305226233332,3.339228886367288
20,0.01,0.7,6037.666666666667,2145.3935665876215,0,3,34.27911273233334,5.603719682862716
50,0.01,0.7,6722.333333333333,2318.530617055169,0,3,39.13985236966666,6.750963049192966
100,0.01,0.7,2667.0,1023.1444994069345,0,3,16.432585136666642,1.6216652269092815
200,0.01,0.7,3178.0,1278.5689917508037,0,3,21.72120048233334,1.0304804748370027
75,0.01,0.7,3936.3333333333335,1846.574546438772,0,3,25.723341376666667,3.368299391209049
150,0.01,0.7,2103.0,813.6637307061601,0,3,13.7885167166667,0.8691502404549628
