lambda_,bounds,final_fv_m,final_fv_std,f_evals_m,f_evals_std,seconds_m,seconds_std,n_failures
0.1,1,33.922419143340306,27.212646725622204,492.3333333333333,124.0976318155275,904.109375,478.8384038061645,0
0.2,1,132.24242232060445,47.403336294164404,145.0,86.73330771201262,92.08854166666667,68.45826517799406,0
0.3,1,62.71465652948951,50.60266484962438,177.0,109.58406210150574,122.96875,97.83736704667088,0
0.4,1,20.816098471661437,12.046484023040778,254.33333333333334,28.871362204709975,186.234375,25.07879185250458,0
0.5,1,2.9077024328634455,2.537905552290988,433.6666666666667,34.41253001774532,565.8229166666666,123.78589700139904,0
0.6,1,1.1380855605131857,0.7721135884735645,505.6666666666667,251.55560463289666,1125.4479166666667,1186.48850399249,0
0.7,1,2.5134112076282435,3.3363118129544143,694.6666666666666,119.40221475705084,1880.3177083333333,758.2713985697264,0
0.8,1,0.03884726260807488,0.02401107085600904,832.6666666666666,142.2306421118725,2959.7239583333335,1057.4413246913184,0
0.9,1,0.011774608625747156,0.00027285497959670004,911.3333333333334,13.888444437333106,3392.4010416666665,182.77923234221015,0
